{
  "generated_at": "2026-04-07T10:27:34.158166Z",
  "model": "linear_regression_numpy",
  "features": [
    "distance_km"
  ],
  "target": "co2_emissions",
  "coefficients": {
    "a": 0.013265915968772251,
    "b": 1.6364856045177516
  },
  "metrics": {
    "mae": 5.733871478381964,
    "rmse": 7.109647713765535,
    "r2": -0.07840449016652795
  },
  "data_points": 349
}